{"cameraMode":{"drawMode":0,"name":"Shaded","section":"Shading Mode"},"sceneLighting":false,"audioPlay":false,"sceneViewState":{"showFog":true,"showMaterialUpdate":false,"showSkybox":true,"showFlares":true,"showImageEffects":true,"showParticleSystems":true},"in2DMode":false,"pivot":{"x":-0.28601017594337466,"y":-1.7154288291931153,"z":-2.9459228515625},"rotation":{"x":-0.00325007364153862,"y":0.9478232860565186,"z":-0.31863853335380556,"w":-0.009667287580668927},"size":6.307395935058594,"orthographic":false}