{"cameraMode":{"drawMode":0,"name":"Shaded","section":"Shading Mode"},"sceneLighting":true,"audioPlay":false,"sceneViewState":{"showFog":true,"showMaterialUpdate":true,"showSkybox":true,"showFlares":true,"showImageEffects":false,"showParticleSystems":true},"in2DMode":false,"pivot":{"x":2.3819961547851564,"y":0.7478101253509522,"z":0.9982168078422546},"rotation":{"x":0.11706365644931793,"y":0.1557406187057495,"z":-0.018589777871966363,"w":0.9806743264198303},"size":0.2547655701637268,"orthographic":false}