{"cameraMode":{"drawMode":0,"name":"Shaded","section":"Shading Mode"},"sceneLighting":false,"audioPlay":false,"sceneViewState":{"showFog":true,"showMaterialUpdate":true,"showSkybox":false,"showFlares":true,"showImageEffects":false,"showParticleSystems":true},"in2DMode":false,"pivot":{"x":-0.005943864583969116,"y":-0.003070145845413208,"z":0.006284832954406738},"rotation":{"x":-0.09284665435552597,"y":0.9070192575454712,"z":-0.2988743484020233,"w":-0.2817634344100952},"size":0.11431527137756348,"orthographic":false}